0, aman tat kaÃ§mamak .  demek demek hiÃ§bir ÅŸey tartÄ±ÅŸmak Ã§Ã¶zmemek olmak .
1,* odtÃ¼ mezun olmamak yapÄ±lmak 100 ÅŸey * madde 101 : pikap kampÃ¼s kaÃ§mak
1,1 VIRGUL 5 VIRGUL 18 VIRGUL 47 VIRGUL 93 VIRGUL 191 galiba 2048 yapmak Ã§alÄ±ÅŸmak
0,11 - 17 yaÅŸ grup Ã§ocuk yÃ¼z 80 yeterince egzersiz yapmamak
1,14 temmuz 1987 queen afyon konser gitmemek de hala kendi queen hayran demek ... yazÄ±k
1,18 yaÅŸ gelmek 50 yÄ±l VIRGUL 18 30 yaÅŸ gelmek ise 1 ay sÃ¼rmek yemin etmek .
1,19 aÄŸustos cumhuriyet anmak ve ulusal zafer bayram kutlu olmak !
0,2 saat boyunca kalp durmak Ã§ocuk hayat dÃ¶nmek .
1,20 doÄŸumgÃ¼nÃ¼ hediye olmak sokak Ã§Ä±kmak hak almak VIRGUL 2020 kÄ±yak .
1,20 milyon ÅŸehir metro havaalanÄ± yapmak nasÄ±l baÅŸarÄ± ?
0,28 yaÅŸ gelmek ama hala harry potter izlemek aÄŸlamak .
0,3 gÃ¼n nasÄ±l 2 sÄ±nav ve 3 Ã¶dev teslim var anlam vermemek kafa patlamak ğŸ˜¤ ğŸ˜“
1,3 hamburger cik yemek sadece VIRGUL doymamak
1,3 temmuz bu yan fenerbahÃ§e kÃ¼me dÃ¼ÅŸmek iÃ§in mÃ¼cadele etmek galatasaray VIRGUL tbf almak karar ile maÃ§ Ã§Ä±kmamak kÃ¼me dÃ¼ÅŸmek
1,31 yaÅŸ VIRGUL ev top oynamak vazo kÄ±rmak VIRGUL performans geÃ§ici ama klas kalÄ±cÄ± .
0,4 kiÅŸi mide lobi grup bir kebap VIRGUL bir barista VIRGUL bir tatlÄ± VIRGUL bir de italyan uzakdoÄŸu mutfak hevesli VIRGUL sanmak Ã§ok renkli bir dÃ¼kkan aÃ§mak bu ekip VIRGUL yatÄ±rÄ±mcÄ± mesaj atmak ğŸ’¸
1,5 bardak kahve az deÄŸil mi bir beÅŸ bardak daha iÃ§ istemek
1,6 kez gelmek diÅŸÃ§i Ã§Ã¼rÃ¼k rapor almak :)
1,7 yÄ±l gÃ¶rev olmak rektÃ¶r Ã¼niversite kronik sorun Ã§Ã¶zmek iÃ§in zaman ve irade olmak ihtiyaÃ§ olmak vurgulamak
0,Jean-FranÃ§ois DOUBLE QUOTE baÅŸak toplamak kadÄ±n DOUBLE QUOTE isim eser tuval Ã¼zeri yaÄŸlÄ± boya ile yapÄ±lmak ve gÃ¼n paris orsay mÃ¼ze sergilenmek
0,satÄ±n-almamak VIRGUL sahiplenmek ! ğŸ¶ ğŸ±
0,abartmak kÃ¼Ã§Ã¼ltmek milyar kez daha kÃ¶tÃ¼ !
1,abd kÃ¶le kitle tÃ¼ketim yaygÄ±n kaldÄ±rmak
0,abd polis sert mÃ¼dahale maruz kalmak siyah adam Ã§evre gÃ¶z Ã¶n hayat kaybetmek .
1,abd tÃ¼rkiye ekonomik saldÄ±rÄ± yapmak biz saldÄ±rmak Ã¼lke para yatÄ±rÄ±m yapmak siz ironik deÄŸil mi ?
1,acil kodlama Ã¶ÄŸrenmek VIRGUL hep ! gelecek kodlama bilmemek tuz maden yollamak .
0,adam kalkmak benzinlik orta pompalÄ± 17 yaÅŸ bir kÄ±z Ã¶ldÃ¼rmek VIRGUL savunmak da DOUBLE QUOTE eski sevgili sanmak DOUBLE QUOTE
1,afrika aÃ§lÄ±k 5 dakika bitirmek insan VIRGUL bahÅŸiÅŸ vermemek iÃ§in sÄ±ra girmek .
0,aksaray otizm Ã§ocuk aile konuÅŸmak : Ã§ocuk okul arka kapÄ± sokulmak .
1,akÅŸam beri sivrisinek 3 tÃ¼p kan almak . inÅŸallah sonuÃ§ temiz Ã§Ä±kmak .
0,alarm sabah 6 kurmak artÄ±k yatmak gerek .
1,almak nefes vergi vermemek daha ne istemek ?
1,almanya biz kÄ±skanmak
0,alÄ±n DOUBLE QUOTE sen kazmamak VIRGUL kazÄ±lÄ± kuyu DOUBLE QUOTE yazmak bir ruh hal .
1,ambulans bir Ã§ocuk Ã§arpmak o sakatlamak .
1,amerika diktatÃ¶r gelmek VIRGUL yine DOUBLE QUOTE diktatÃ¶r Ã¼lke gelmemek diye silahlanmak DOUBLE QUOTE demek aynÄ± kiÅŸi diktatÃ¶r desteklemek .
1,amerika en Ã§ok gasp etmek kitap incil .
1,amerika son 10 yÄ±l uyuÅŸturucu mÃ¼cadele iÃ§in vermek 780 milyon dolar ile uyuÅŸturucu %10 oran yaygÄ±n saÄŸlamak ...
0,anksiyete Ã§ok hayat var ama gÃ¼Ã§sÃ¼z gÃ¶rÃ¼nmek korku anlatmamak .
0,anne sÄ±k sÄ±k sarÄ±lmak
0,antalya hayat kaybetmek aile ev siyanÃ¼r bulgu rastlamak .
0,antartika kara Ã¼zeri en derin nokta bulunmak .
1,antibiyotik direnÃ§ bakteri ne koma girmek hasta virÃ¼s kurtarmak .
0,apple Ã§evrimiÃ§i dizi ve film platform apple-tv-plus 100 fazla Ã¼lke kullanÄ±m aÃ§Ä±lmak .
1,araba Ã§arpmak falcÄ± VIRGUL araba nere gelmek gÃ¶rmemek (!) sÃ¶ylemek .
1,araba Ã§arpmamak diye yol kaÃ§mak adam Ã¼st aÄŸaÃ§ devrilmek .
1,aralÄ±klÄ±-aÃ§lÄ±k demek ÅŸey denemek VIRGUL 3 dakika herhangi bir sorun yok gibi .
0,arkadaÅŸ DOUBLE QUOTE ÅŸehirlerarasÄ± yol kenar avm yÃ¼rÃ¼mek kahve termos bira iÃ§mek DOUBLE QUOTE gibi bir etkinlik Ã¼retmek VIRGUL ne hissetmek bilmemek .
0,arkadaÅŸ bir film kulÃ¼p ğŸ¬ baÅŸlamak VIRGUL her gÃ¼n bir film izlemek sonra da inceleme okumak .
0,arkadaÅŸ su iÃ§mek nasÄ±l hatÄ±rlamak ben bÃ¶brek aÄŸrÄ±mak kadar fark-etmemek susuz olmak
0,artÄ±k en sevmek Ã§ikolata Ã¼retmek kesmek :QUOTE(
0,artÄ±k hayal-kÄ±rÄ±klÄ±k bile uÄŸramamak VIRGUL DOUBLE QUOTE yine mi VIRGUL peki . DOUBLE QUOTE demek yol devam etmek .
1,asker gitmemek iÃ§in 8 yÄ±l iÅŸletme okumak adam israil girmek demek .
1,aslÄ±nda ev Ã§ok sÄ±kÄ±lmamak insan ama aynÄ± marka 1 kilo 2 pirinÃ§ paket biri 7558 diÄŸer 7676 tane var .
0,aslÄ±nda sessiz insan yok VIRGUL yanlÄ±ÅŸ ortam var .
1,at yÄ±l aÃ§ susuz bÄ±rakmak fayton VIRGUL aÃ§ grev girmek .
1,atam bu millet gÃ¶rmek samsun pide yemek istanbul dÃ¶nmek .
1,ateist olmak hal din ders hep en yÃ¼ksek not almak VIRGUL ironi bÃ¶yle !
0,atlasglobal uÃ§mak 21 aralÄ±k yeniden baÅŸlamak
1,ayak serÃ§e parmak bakmak gÃ¼lmek diye mi var yoksa bir yer vurmak diye mi ? baÅŸka bir amaÃ§ olmamak emin ğŸ˜…
1,aynen hoca ben kÃ¼tÃ¼phane yer bulmak hiÃ§ sevmemek zaten 3 saat bir gelmek olmak da ora Ã§anta atmak .
0,aÃ§Ä±k almak tayland bilet almak ilk uÃ§ak tayland 20 gÃ¼n tatil gitmek
1,bahamalar tatil gelmek Ã§ift VIRGUL yan su getirmek ne kadar da komik .
0,bahar alerji dolayÄ± gÃ¶z dolmamak arkadaÅŸ dÃ¼z aÄŸlamak
0,bakmak ki ara ben Ã§ekmemek hatta kÄ±skanmak oluÅŸmak baÅŸlamak VIRGUL devam bÃ¶yle
1,bakmak sen bakmak bakmak nasÄ±l da masum
0,bale akademi Ã¶ÄŸrenci kilo almamak iÃ§in sigara iÃ§mek tavsiye etmek .
0,balkan ÅŸampiyona milli koÅŸmak ercan arslan tÃ¼rk atlet ara tÃ¼m zaman en iyi altÄ±ncÄ± sÃ¼re koÅŸmak . ğŸ‡¹ğŸ‡· ğŸ‡¹ğŸ‡· ğŸ‡¹ğŸ‡·
0,banyo telefon konuÅŸmak 13 yaÅŸ kÄ±z Ã§ocuk elektrik akÄ±m kapÄ±lmak VIRGUL kÄ±sa sÃ¼re hafÄ±za kaybetmek .
1,basketbol icat etmek koÃ§ VIRGUL hayat hiÃ§bir basketbol oyun kazanmamak .
0,bazÄ± bitki ilaÃ§ kanser tedavi yarar Ã§ok zarar vermek .
0,baÄŸÄ±mlÄ± kÃ¶ken daima travma ve Ã§ocuk yaÅŸamak sorun dayanmak .
0,baÄŸÄ±rsak bakteri kanser tedavi gÃ¼Ã§lenmek .
1,baÅŸka dÃ¼ÅŸÃ¼nce duymak tahammÃ¼l etmemek biri VIRGUL faÅŸist diye baÄŸÄ±rmak .
0,baÅŸka hayat burun sokmak sevmek ne Ã§ok insan var ÅŸu memleket .
0,baÅŸkan emin kuyu kazmak adam sevmek sevmek yardÄ±m etmek .
0,baÅŸlamak gibi sinir kriz geÃ§irmek bilmek ama arkadaÅŸ toplanmak vampir - kÃ¶ylÃ¼ oynamak Ã¶zlemek :QUOTE(
0,bbc seÃ§im haber bilgisayar nasÄ±l yazmak ?
0,bebek 3 saat yaÅŸamak anne VIRGUL 63 gÃ¼n boy birikmek sÃ¼t baÄŸÄ±ÅŸlamak .
0,belediye normal sÃ¼reÃ§ toplu-taÅŸÄ±ma kullanÄ±m azalmak sonuÃ§ artmak trafik rahatlamak iÃ§in fazla bisiklet yol yapmak baÅŸlamak .
1,belki Ã¼st bir tÄ±r geÃ§mek ...
0,belÃ§ika bilim adam VIRGUL kemoterapi kanser Ã¼zeri Ã§alÄ±ÅŸmak .
0,belÃ§ika ordu zÄ±rh eklemek araÃ§ kÄ±sa boy ÅŸofÃ¶r bulmak zor .
0,belÃ§ika yoksul aile Ã§ocuk zengin Ã§ocuk daha Ã§ok antidepresan ilaÃ§ kullanmak :(
1,ben bÃ¶yle uslu (!) bir Ã§ocuk gÃ¶rmemek .
0,ben floransa yaÄŸmur yÄ±kamak
1,ben hep 50 lira almak kardeÅŸ ben etkilememek
1,ben her zaman yalan sÃ¶ylemek VIRGUL doÄŸru sÃ¶ylemek bile .
1,ben ilkokul beri sosyal izolasyon uygulamak zaten VIRGUL ben sÄ±kÄ±ntÄ± yok .
1,ben kadÄ±n erkek eÅŸit demek o kadÄ±n Ã§alÄ±ÅŸmak Ã§ocuk bakmak diye esnek saat ve iÅŸyeri kreÅŸ demek
0,ben nerede yanlÄ±ÅŸ yapmak acaba ya
0,ben siz kitap orta okul yÄ±l okumak baÅŸlamak .
1,ben zaten uÅŸak deÄŸil tarhana inanmak
1,bence diyanet iÅŸ baÅŸkan tuÄŸÃ§e kazaz olmak VIRGUL nasÄ±l olmak 4 din bilmek .
1,beyaz siyah yapÄ±lmak Ä±rk hakkÄ±nda konuÅŸmak ne kadar da komik .
0,beyoÄŸlu lodos etki bir bina Ã§atÄ± uÃ§mak ğŸ˜±
1,bilgisayar klavye algÄ±lamamak iÃ§in VIRGUL klavye geri tuÅŸ basmak istemek .
0,bilim adam buzdolabÄ± bir yÄ±l dayanmak yeni elma tÃ¼r keÅŸfetmek .
0,biliminsan pek Ã§ok Ã¼lke koronavirÃ¼s salgÄ±n rakam toplamak bir bilgisayar model geliÅŸtirmek .
0,biliminsanÄ± ÅŸu uyku illet bir Ã§Ã¶zÃ¼m bulmak artÄ±k .
1,bir adam nargile iÃ§mek sonra nÃ¶bet geÃ§irmek VIRGUL seri kÃ¶z getirmek heralde VIRGUL fazla seri getirmek bÃ¶yle olmak
1,bir ara bir hoca ile makale yazmak demek . makale ben yazmak . makale yayÄ±nlamak . bilmek bakmak makale ne yok ? ad .
1,bir ara ÅŸizofren VIRGUL ama bu ara iyi .
1,bir daha en yakÄ±n kayÄ±p eÅŸya bÃ¼ro bÄ±rakmak denemek VIRGUL Ã¶ksÃ¼z kalmamak
1,bir iliÅŸki bitmek sebep olmak orantÄ±sÄ±z sevgi kullanÄ±m
1,bir insan kilo mi almak dememek VIRGUL o gitmek sonra arka konuÅŸmak artÄ±k Ã¶ÄŸrenmek ÅŸu nezaket !
0,bir kadÄ±n anne olmak istememek diye neden linÃ§ etmek kafa almamak
0,bir karavan almak VIRGUL yavaÅŸ VIRGUL Ã§ok yavaÅŸ bir ÅŸekil tÃ¼m dÃ¼nya gezmek istemek
1,bir seri katil hayran duymak cinayet bÃ¼ro amir olmak mi ?
1,bir sessizlik VIRGUL bir huzur VIRGUL sen bura hiÃ§ tat yok (!)
1,bir sezon daha forma ay yÄ±ldÄ±z bayrak taÅŸÄ±mamak VIRGUL olmak diÄŸer branÅŸ baÅŸarÄ± nasÄ±l olmak .
1,bir trafik polis ceza yazmak iÃ§in durdurmak araba ÅŸofÃ¶r Ã§ok yakÄ±n bir arkadaÅŸ Ã§Ä±kmak
1,bir yÄ±l iÃ§ tanÄ±ÅŸmak niÅŸanlanmak evlenmek insan VIRGUL onca sÃ¼re iÃ§in niye niÅŸanlanmak ki ?
0,bir yÄ±l uzun sÃ¼re mars gÃ¶rev yapmak insight VIRGUL bulunmak bÃ¶lge daha Ã¶nce tahmin etmek on kat daha bÃ¼yÃ¼k manyetik alan tespit etmek .
0,bir ÅŸehir daha maske takma zorunlu getirmek .
1,bira deÄŸil o VIRGUL haram su .
1,biraz daha baÄŸÄ±rmak VIRGUL karÅŸÄ± komÅŸu son kÄ±sÄ±m tam anlamamak .
0,biraz Ã¶nce reklam vermek VIRGUL reklam bitmek gibi dizi baÅŸlamak ve tekrar reklam vermek VIRGUL Ã§ok saÃ§ma .
0,birinci son saniye kaÃ§Ä±rmak Ã¼zÃ¼ntÃ¼ mahvolmak .
1,birÃ§ok bilmemek ama kadÄ±n diye bir ÅŸey yok VIRGUL sadece hayal Ã¼rÃ¼n kadÄ±n .
1,biz afrin gÃ¶tÃ¼rmek demek VIRGUL bedelli askerlik sÄ±ra beklemek .
0,boÅŸ harcamak para Ã§ok Ã¼zÃ¼lmek .
0,boÅŸ yapmak arkadaÅŸ grup aÅŸÄ±rÄ± Ã¶zlemek
1,boÅŸ zaman anket doldurmak bayÄ±lmak !
0,boÅŸanmak dava sonuÃ§ olmak vermek nafaka hakkÄ±nda ne dÃ¼ÅŸÃ¼nmek VIRGUL tartÄ±ÅŸmak mi ?
1,brokoli medeniyet deÄŸil . herkes yemek Ã¶nermek ama Ã¶neren dahi yememek bir bitki .
0,bu 134 bÃ¶lÃ¼m dizi 7 kez bitirmek .
0,bu ara en keyif almak ÅŸey kahve el almak cam kenar oturmak ve sukulent izlemek ğŸŒµ ğŸŒ±
1,bu baÅŸ aÄŸrÄ± geÃ§irmek 10 milyon dolar teklif etmek .
1,bu bÃ¶lÃ¼m en iyi sÄ±nÄ±f bÃ¼yÃ¼k amfi VIRGUL aksi iddia etmek dÃ¼ello davet etmek .
0,bu ciddi almak uzun uzun yazmak daha zeki VIRGUL o kesin .
0,bu dÃ¶nem okul hiÃ§ bitmemek gibi hissetmek .
1,bu dÃ¼nya en bÃ¼yÃ¼k gizem hugo kÃ¼fretmek o efsane Ã§ocuk kimlik .
1,bu haber gÃ¶rmemek gelmek basÄ±n VIRGUL ne kadar azim (!) Ã§alÄ±ÅŸmak bahsetmek .
0,bu hafta teslim etmek gerekmek 7 Ã¶dev VIRGUL girmek gerek 2 quiz var . ne yapmak gerekmek bilmemek Â¯\_(ãƒ„)_/Â¯
1,bu harika sarÄ±msak koku sayesinde uyumamak !
1,bu kadar gÃ¼zel bir sabah bÃ¶yle gÃ¼zel bir trafik kaza yakÄ±ÅŸmak !
0,bu video sonra coca-cola dÃ¼nya borsa dip-yapmak kaÃ§Ä±nÄ±lmaz olmak .
0,bu yeni kulaklÄ±k ses mÃ¼thiÅŸ VIRGUL hep Ã¶nermek ğŸ§
1,bu yÄ±l baÅŸ 5 kilo vermek VIRGUL bu gitmek sene 15 kilo vermek gerekmek .
0,bugÃ¼n de dÃ¼nya karÅŸÄ± umutsuz uyanmak
1,bugÃ¼n iÅŸ yer gelmek sadece 76 dakika sÃ¼rmek VIRGUL iÅŸte istanbul bu yÃ¼z sevmek ... ğŸ˜Œ ğŸ˜Œ ğŸ˜Œ ğŸ˜Œ ğŸ˜Œ
1,bugÃ¼n sadece bir kilo et yemek .
1,bugÃ¼n uÃ§ak pilot VIRGUL yÃ¼ksek korku sahip .
0,bulmak ilk teras Ã§Ä±kmak DOUBLE QUOTE artÄ±k Ã§ok yorulmak anlamamak mi ? ? ? DOUBLE QUOTE diye baÄŸÄ±rmak istemek
1,bura sevgili cin kardeÅŸ seslenmek : siz iÅŸ doÄŸru dÃ¼rÃ¼st yapmamak iÃ§in inanÃ§ sistem yara almak .
0,bursa bu mevsim soÄŸuk .
0,bÃ¶yle olmamak VIRGUL ben arkadaÅŸ buluÅŸmak sÃ¶z vermek bir gÃ¼n Ã¶nce dandik bir bahane ile iptal etmek Ã¶zlemek
0,bÃ¼yÃ¼k bir aksilik olmamak yarÄ±n bu saat bir kÄ±z bir erkek olmak Ã¼zere iki tane bÄ±cÄ±rÄ±k dayÄ± olmak .
0,bÃ¼yÃ¼kÅŸehir VIRGUL kar yaÄŸÄ±ÅŸ  olumsuz etkilememek iÃ§in hemen iÅŸ koyulmak .
0,can deli gibi patlamÄ±ÅŸ-mÄ±sÄ±r Ã§ekmek
0,can sÄ±kÄ±lmak ayrÄ±ca da can-sÄ±kmak :(((
0,canÄ±m korkunÃ§ derece tantuni Ã§ekmek .
1,canÄ±m okul pass fail getirmek ama dÃ¶nemlik VIRGUL olmak adam olmak Ã§ok bile !
0,canÄ±m ÅŸehir VIRGUL Ã¶zlemek insan .
0,cd koleksiyon bakmak bu Ã§almak bir sistem yok Ã¼zÃ¼lmek dÃ¼zenli olmak :QUOTE(
0,charles darwin evrim teori tam 160 yaÅŸ basmak .
1,charlie ve Ã§ikolata fabrika olmak gerek film charlie Ã§ikolata fabrika olmak Ã§evirmek biz spoiler dip vermek hain karÅŸÄ± sessiz mi kalmak ?
0,cumhuriyet 1923 kurmak .
1,cÃ¼mle az gelmek kompozisyon yazmak
1,daha gÃ¼zel bir hayat iÃ§in Ã¶mÃ¼r boy doyum Ã§alÄ±ÅŸmak sonra bir gÃ¼n yanlÄ±ÅŸlÄ±kla Ã¶lmek .
0,daÄŸ yÃ¼rÃ¼mek yapmak kalp durmak VIRGUL 6 saat sonra hastane hayat dÃ¶nmek .
0,dede lÃ¼ks gÃ¶zlÃ¼k almak VIRGUL ÅŸu kaÃ§ yÄ±l kalmak para yazÄ±k etmek diye kÄ±zmak biz .
1,demek ki ay insan araÃ§ gÃ¶ndermek VIRGUL iÃ§ soluk jÃ¼piter almak .
0,demokratik kongo maden Ã¶lÃ¼m ne teknoloji dev dava aÃ§mak .
1,denizli demek deniz yok ğŸ¤” ğŸ¤” .
0,deprem VIRGUL felaket VIRGUL hÄ±rsÄ±z ummak unutmamak ...
1,derbi galibiyet nasÄ±l bir ÅŸey unutmak
0,ders Ã¶rnek vermek siz isim kullanmak siz de mutlu olmamak mi ?
1,dijital konu toplantÄ± konuÅŸmak elektrik gitmek . :)
1,diktatÃ¶r twitter kÃ¶k kazÄ±mak aÃ§Ä±klamak sevinÃ§ karÅŸÄ±lamak kitle bu haber twitter Ã¶ÄŸrenmek .
1,din Ã¼zeri rezervasyon ile almak yapmak bir Ã¼niversite VIRGUL sekÃ¼lerizm ile savaÅŸmak .
1,diyanet alkol haram deÄŸil fetva vermek ...
0,diyarbakÄ±r sÄ±caklÄ±k tam 45Â°C gÃ¶rmek :O
1,diyet kola baÄŸÄ±mlÄ± yenmek VIRGUL 100 milyon dolar aroma su ÅŸirket kurmak .
1,diyetisyen mide kelepÃ§e taktÄ±rmak iÃ§in bugÃ¼n randevu iptal etmek .
1,dolar 5 lira geÃ§mek duymak esnaf VIRGUL banknot yÄ±rtmak atmak baÅŸlamak !
1,dolar karÅŸÄ± el bÃ¼yÃ¼k bir koz var : cep dolar olmamak .
1,dolmabahÃ§e saray altÄ±n tema mÃ¼tevazi (!) tÃ¶ren yalnÄ±z 3000 kiÅŸi katÄ±lmak .
0,doÄŸumgÃ¼nÃ¼ hediye olarak Ã¼zeri renkli kalem atmak atmak canÄ±m arkadaÅŸ siz Ã§ok sevmek ben Ã§ok iyi tanÄ±mak ğŸ’œ ğŸ’– â¤ï¸ ğŸ§¡ ğŸ’› ğŸ’š ğŸ’™ ğŸ–¤
0,doÄŸumgÃ¼nÃ¼ kutlamak sevmemek .
0,dÃ¼n gece beri tÃ¼rkiye mÃ¼lteci gÃ¼vensiz koÅŸul yunanistan geÃ§mek Ã§alÄ±ÅŸmak .
1,dÃ¼nya bakmak her yer su ama tuz Ã¶tÃ¼rÃ¼ iÃ§mek bir damla su bulmak Ã§ok zor .
0,dÃ¼nya daha yaÅŸanmak kÄ±lmak iÃ§in ne yapmak ?
1,dÃ¼nya en bÃ¼yÃ¼k tÃ¼tÃ¼n ÅŸirket VIRGUL saÄŸlÄ±k hakkÄ±nda kampanya dÃ¼zenlemek .
0,dÃ¼nya en iÄŸrenÃ§ sen olmamak belki ama ben iÃ§in kesinlikle Ã¶yle .
1,dÃ¼nya en zehir yÄ±lan kendi dil Ä±sÄ±rmak Ã¶lmek ...
0,dÃ¼nya ilk hiv-pozitif sperm banka yeni zelanda aÃ§Ä±lmak .
0,dÃ¼nya saÄŸlÄ±k Ã¶rgÃ¼t 24 saat ortalama iÃ§in belirlemek sÄ±nÄ±r 25 mikrogram .
0,dÃ¼nya Ã§ap birÃ§ok Ã¼lke de arka arka ekonomik Ã¶nlem ve destek paket aÃ§Ä±klamak .
0,dÃ¼nya ÅŸeker tÃ¼ketim ne artmak Ã¶nlem almak ?
1,dÃ¼ÄŸÃ¼n elbet katÄ±lmak istemek ama o gÃ¼n kaynana kedi doÄŸum gÃ¼n parti var .
0,dÃ¼ÄŸÃ¼n istememek Ã§Ã¼nkÃ¼ hayat en gÃ¼zel an tanÄ±mamak yÃ¼z insan ile deÄŸil en sevmek insan ile kutlamak istemek
1,dÄ±ÅŸarÄ± virÃ¼s falan gÃ¶rmemek .
1,eee tÄ±p 5 sene bitmek gÃ¶re artÄ±k bilgisayar mÃ¼hendislik geÃ§mek hazÄ±r
1,efendi yarÄ±n konkordato ilan etmek
1,ekonomi Ã¶yle iyi bir hal ki VIRGUL enflasyon 3 hane sayÄ± Ã§Ä±kmak .
0,el yÄ±kamak VIRGUL hapÅŸÄ±rmak aÄŸÄ±z kapamak VIRGUL dÄ±ÅŸarÄ± her yer dokunmamak gibi normal insan davranÄ±ÅŸ benimsemek iÃ§in dÃ¼nya bir virÃ¼s kasmak kavurmak lazÄ±m .
1,elektronik alet anlaÅŸmamak VIRGUL sanmak kibar davranmak naz yapmak .
0,elon musk VIRGUL tesla yeni pick-up model tanÄ±tmak .
1,elon musk bÃ¼yÃ¼k oÄŸul DOUBLE QUOTE hotbird DOUBLE QUOTE bu sene Ã¼niversite baÅŸlamak .
0,en bÃ¼yÃ¼k hayal bir ama baÅŸarmak VIRGUL new-york moda hafta davet var ! ğŸ‘— ğŸ‘ 
0,en kÄ±sa gÃ¼n tarih boy ne ve nasÄ±l kutlanmak ?
0,en sevmek uÃ§ kalem marka ne ? yeni uÃ§ kalem almak gerekmek .
1,en sevmek ÅŸey 1 hafta sonra arkadaÅŸ plan yapmak 1 gÃ¼n Ã¶nce iptal etmek .
0,en Ã¶nemli olmak ÅŸey kiÅŸi ne istemek karar vermek .
0,eski galatasaray wesley sneijder futbol bÄ±rakmak .
0,eskiÅŸehir inmek olmak bu kadÄ±n VIRGUL vagon en arka az Ã¶nce .
1,etraf saÃ§ma sapan virÃ¼s saÃ§mamak adÄ±na el yÄ±kamak lavabo yanaÅŸmak VIRGUL sonra kafa pencere dÃ¼ÅŸmek . aÅŸÄ±rÄ± iyi deÄŸil mi ?
0,eurovision bu yÄ±l iptal etmek .
0,eurovision kazanmak 17 yÄ±l olmak VIRGUL hÃ¼zÃ¼nlenmek ...
1,ev bayram temizlik yapmak diye ben dÄ±ÅŸarÄ± yollamak VIRGUL yol fark etmek ki temizlik ben baÅŸlamak Ã§ok Ã¼zgÃ¼n ÅŸu an ...
1,ev durmak durmak ingiltere kraliÃ§e gibi olmak VIRGUL ara Ã§Ä±kmak Ã§Ä±kmak balkon el sallamak !
1,ev kalmak iÃ§in mÃ¼kemmel bir gÃ¼n !
1,ev kapanmak ÅŸu dÃ¶nem kendi yeni ve Ã¶nemli yetenek katmak VIRGUL mesela bu hafta kÄ±sÄ±r yapmak Ã¶ÄŸrenmek .
1,ev saat kendi 1 saat geri almak VIRGUL anne de 1 saat geri almak VIRGUL kimse almamak diye ben de almak VIRGUL ÅŸu an ay temmuz .
1,ev ses olmak diye havlamak
1,ev spor yapmak cin
1,ev Ã§Ä±kmak yasak olmak bayram nasÄ±l olmak ise normal daha Ã§ok akraba ile bayramlaÅŸmak VIRGUL teÅŸekkÃ¼rler (!) gÃ¶rÃ¼ntÃ¼lÃ¼ konuÅŸma .
1,evet VIRGUL bence de bÃ¶ylesine bulaÅŸÄ±cÄ± bir hastalÄ±k dÃ¼nya sarmak bu gÃ¼n hep birlikte sokak olmak yalnÄ±z olmamak hissetmek
1,evet ben zaten keyif silmek yer tabii ki geÃ§ Ã§amurlu ayak bir ÅŸey olmamak
1,evet bilgisayar biz ele-geÃ§irmek
1,evet hoca yanak kuru bir yer kalmak lÃ¼tfen ora doÄŸru da Ã¶ksÃ¼rmek .
1,evet vegan ve et yemek !
0,eÄŸer ev operatÃ¶r Ã§ekmemek VIRGUL wifi arama etkin cam yapÄ±ÅŸmamak telefon konuÅŸmak :)
1,fabrika mÃ¼hendis VIRGUL kendi yerine almak robot satmak almak gerÃ§ek .
0,facebook yeni logo tanÄ±tmak .
1,faiz lobi VIRGUL caiz lobi VIRGUL enflasyon ve dÃ¶viz lobi birleÅŸmek yol Ã§Ä±kmak . dikkatli olmak . sonra ekonomik kriz var dememek .
1,falcÄ± VIRGUL Ã¶ngÃ¶rÃ¼lmemek sebep Ã¶tÃ¼rÃ¼ toplantÄ± katÄ±lmamak .
0,favori kahvaltÄ± ev-yapÄ±mÄ± yoÄŸurt ile taze meyve karÄ±ÅŸmak ğŸŠ ğŸ“ ğŸ¥
0,felÃ§ hasta zihin kol ve bacak hareket etmek .
1,fenerbahÃ§e bir sÃ¼rÃ¼ borÃ§ sokmak adam VIRGUL Ã¼lke yÄ±l spor adam seÃ§ilmek .
0,fiske kÃ¶ken pontus rumca dayanmak olmak VIRGUL parmak uÃ§ ile yapÄ±lmak hafif vuruÅŸ anlam gelmek .
0,ford motor ÅŸirket mali yapÄ± ne durum ? ğŸ¤”
0,fotoÄŸraf basmak iÃ§in fotoÄŸraf seÃ§mek Ã§alÄ±ÅŸmak 50 fotoÄŸraf az inmemek asla ! o kadar para yok ...
1,fransa not indirim ve rick perry baÅŸ gelmek ders (!) almamak anlaÅŸÄ±lmak !
0,galatasaray fenerbahÃ§e ile beraber kalmak .
0,gece 11 kapÄ± Ã§almak VIRGUL korkmak kapÄ± aÃ§mak VIRGUL 2 bekÃ§i gelmek DOUBLE QUOTE Ã§amaÅŸÄ±r toplamak VIRGUL yaÄŸmur yaÄŸmak Ä±slanmamak DOUBLE QUOTE demek . sÃ¶z bitmek yer .
0,gece kabus gÃ¶rmek VIRGUL gÃ¼ndÃ¼z korku baÅŸ Ã§Ä±kmak fayda olmak .
1,gelmek herkes yakÄ±nda emoji ile anlaÅŸmak konuÅŸma dil kalmamak demek . sen emoji ile DOUBLE QUOTE bir kere de ben ihtiyaÃ§ olmak be DOUBLE QUOTE demek mi ?
0,genÃ§lik zerre keyif almamak
1,geri kalmak olmak saat VIRGUL gÃ¼n 2 kez bile doÄŸru gÃ¶stermemek .
1,gerizekalÄ± dememek iÃ§in DOUBLE QUOTE o da sen gÃ¶rÃ¼ÅŸ DOUBLE QUOTE demek :/
1,gerÃ§ek tebrik etmek VIRGUL bu mantÄ±k (!) aÃ§Ä±klama ben Ã§ok tatmin-etmek .
1,gerÃ§ekten harika (!) bir yetenek VIRGUL doÄŸuÅŸtan mi yoksa kendi geliÅŸmek mi bÃ¶yle olmak iÃ§in ?
0,gezi dava tÃ¼m sanÄ±k beraat karar Ã§Ä±kmak .
0,geÃ§en hafta 41 derece diye bu hafta ÅŸort dÄ±ÅŸarÄ± Ã§Ä±kmak ama hava 19 derece .
0,geÃ§en ped almak yaÅŸamak anlatmak kadÄ±n yalancÄ±lÄ±k suÃ§lamak linÃ§ etmek VIRGUL ben de gÃ¶rmek ÅŸimdi DOUBLE QUOTE siyah poÅŸet almak DOUBLE QUOTE yazÄ± .
1,geÃ§en yÄ±l almak saat kÄ±rmÄ±zÄ± almak ! bu ne sÃ¼rpriz !
0,girmek sÄ±nav kazanmak ve istemek okul okumak bir dÃ¼ÅŸÃ¼nmek .
1,gitmek ne de Ã§ok Ã¼zÃ¼lmek VIRGUL anlatmamak ...
1,gizli buz gibi VIRGUL bir basmak hayat kaymak ...
0,google iki yÄ±l 2 milyar dolar fazla ceza Ã¶demek .
0,google kanada kurmak istemek akÄ±l kent yeÅŸil Ä±ÅŸÄ±k vermek .
0,google tÃ¼rkiye yeni Ã§Ä±kmak android cihaz ilgi karar ne anlam gelmek ?
1,gÃ¶rmek engelli yarÄ±ÅŸmacÄ± el uzatmak sÄ±kmak beklemek mÃ¼dÃ¼r istifa istemek .
1,gÃ¼n daha gÃ¼zel baÅŸlamamak VIRGUL Ã¼st baÅŸ Ã§amur olmak .
0,gÃ¼n iki kez telefon ÅŸarj etmek kadar telefon kilitlenmek .
0,gÃ¼zel tatil hayal nasÄ±l mahvetmek ? tabii ki anne temizlik macera ile
0,gÄ±da paket kalori yakmak iÃ§in gerekmek DOUBLE QUOTE egzersiz miktar DOUBLE QUOTE yazmak .
1,hafif tempo koÅŸu ( jogging ) bulmak kiÅŸi kalp kriz hayat yitirmek ne Ã§eliÅŸki ama ...
0,hafta son meteor yaÄŸmur gÃ¶zlemlemek .
1,hal anlamak diye manav mi sanmak ?
0,hani bu en gÃ¼zel yÄ±l ?
0,hani radyo Ã§ok sevmek bir ÅŸarkÄ± denk-gelmek sevinmek de tam ses aÃ§mak ÅŸarkÄ± bitmek ya .
1,hanÄ±mefendi siz kendi Ã§aba mi gerizekalÄ± olmak yoksa doÄŸuÅŸtan mi bÃ¶yle
1,hareket sorumluluk almamak ben suÃ§ deÄŸil .
1,harika ! yeni kamera kÄ±rmak .
1,harika bir pazar sabah VIRGUL ev Ã¶n kocaman bir Ã§ukur var .
0,hastane yer yatmak Ã§ocuk fotoÄŸraf bakmamak ingiltere baÅŸbakan johnson eleÅŸtiri yaÄŸmur gelmek .
0,hava huzur vermek bir aydÄ±nlÄ±k var .
1,hava sadece 42 derece VIRGUL buz gibi adeta !
0,havaÅŸ Ã¶n amca yan rastgele kiÅŸi pÃ¼rel ikram etmek VIRGUL canÄ±m halk :)
0,hayat en bÃ¼yÃ¼k eÄŸlence VIRGUL baÅŸka yapmamak demek yapmak .
1,hayat hiÃ§ sermaye piyasa yazÄ± yazmamak hal ÅŸimdi de yÄ±l sermaye piyasa yazar Ã¶dÃ¼l almak .
1,hayat Ã§ok garip deÄŸil mi ya ? hindistan tanrÄ± olmak bura kavurma .
0,hayvanat-bahÃ§esi tam olmak ne zaman kapatmak sizce VIRGUL bu vahÅŸet olmak ne zaman kabul etmek ?
1,he VIRGUL he bir akÄ±llÄ± sen he VIRGUL aynen kardeÅŸ he
0,hem arz hem talep taraf baskÄ± alt olmak petrol fiyat VIRGUL son 18 yÄ±l en dÃ¼ÅŸÃ¼k seviye gerilemek .
0,her gÃ¼n aynÄ± sabah uyanmak gibi ve sadece tek bir gÃ¼n yaÅŸamak gibi hissetmek .
0,her gÃ¼n dÃ¼zen yÃ¼rÃ¼mek sayÄ± fayda bulunmak . ğŸƒ
1,herkes ama herkes malazgirt doÄŸu almak bir daha anadolu girmek . restart etmemek dÃ¼zelmemek .
0,herkes instagram kapamak bahsetmek hazÄ±r belirtmek VIRGUL kapatmak Ã¶yle aydÄ±nlanmak VIRGUL bakÄ±ÅŸ aÃ§Ä± deÄŸiÅŸtirmek gibi bir ÅŸey olmamak .
1,herkes sÃ¶ylememek tabii ki VIRGUL sadece sÄ±nÄ±f 34 kiÅŸi cik haber var .
1,hiÃ§bir ders gitmemek ders sÄ±nav 89 almak :)
1,hobi olmak sabah karÅŸÄ± 5 yatmak sabah 9 uyanmak en Ã§ok gÃ¶zaltÄ± hoÅŸa-gitmek gibi ğŸ˜
1,hoca kaldÄ±rÄ±m 3 kiÅŸi yan yan tam sÄ±ÄŸmamak . istemek dilekÃ§e vermek kaldÄ±rÄ±m geniÅŸletmek talep bulunmak da yan yan rahat rahat yÃ¼rÃ¼mek .
1,hoca madem sÄ±nav 19 vermek ben neden her ders en Ã¶n dinlemek ?
1,hocamlar spor-salonu libido dÃ¼ÅŸÃ¼rmek bulmak olmak mi acaba ?
1,iddia girmek ki kumar bÄ±rakmak !
0,iha kullanmak yer tespit etmek telefon uygulamak geliÅŸmek .
1,iki ay sonra iÅŸ kovulmak personel VIRGUL ÅŸirket yÄ±lbaÅŸÄ± yemek doyasÄ±ya eÄŸlenmek .
0,iki kÄ±yafet ara kalmak hangi seÃ§mek asla karar vermemek nefret etmek ğŸ˜ 
0,iklim kriz Ã§alÄ±ÅŸma grup ilk toplantÄ± gerÃ§ekleÅŸtirmek . kapÄ± dayanmak iklim kriz halk anlatmak iÃ§in ne yapmak konuÅŸmak .
1,infj burÃ§ bura mi ?
1,ingiliz insan en Ã§ok lord kelime kullanmak toplum olmak raÄŸmen VIRGUL tanrÄ± onurlanmak .
0,ingiltere brexit yasa tasarÄ± avam kamara ilk engel aÅŸmak .
1,ingiltere en bÃ¼yÃ¼k kÃ¶pek ad minik .
1,ingiltere saÄŸlÄ±k bakan koronavirÃ¼s test pozitif Ã§Ä±kmak .
0,insan VIRGUL olmak gerekmek o ya da deÄŸil VIRGUL deÄŸiÅŸim direnmek .
0,insan ben gÃ¶z iki ayrÄ±lmak : kahve baÄŸÄ±mlÄ± ve Ã§ay baÄŸÄ±mlÄ± .
0,insan bilgisayar mÃ¼hendislik okumak hoca ders iptal etmek yerine 5 dakika online ders vermek geÃ§mek anlamak
0,insan bÃ¼yÃ¼mek araba yarÄ±ÅŸ oyun viraj almak gaz bÄ±rakmak anlamak
0,insan eser Ã¶vÃ¼nmek satÄ±n-almak deÄŸil .
0,insan hep ilk tanÄ±ÅŸmak zaman hal Ã¶zlemek .
0,insan iletiÅŸim kurmak iyice zorlaÅŸmak mi VIRGUL yoksa ben mi kaybetmek iletiÅŸim yetenek ?
1,insan yakmak katliam yapmak iÃ§in VIRGUL yaÅŸasÄ±n cehennem !
0,insan-kaynaklarÄ± olarak Ã§alÄ±ÅŸmak ÅŸirket bir aramak Ã§alÄ±ÅŸan bir maaÅŸ sormak VIRGUL meÄŸer kÄ±z vermek VIRGUL kÄ±z baba aramak .
0,insanlÄ±k son getirmek varolmak risk ne ?
0,instagram estetik operasyon filtre kaldÄ±rmak .
1,internet hÄ±z arttÄ±rmak demek VIRGUL adam DOUBLE QUOTE boykot etmek DOUBLE QUOTE demek VIRGUL kÃ¼fÃ¼r etmek . internet boykot etmek VIRGUL hem de tweet atmak VIRGUL kafa zehir .
1,internet kullanmak ne kadar sÄ±kÄ±cÄ± olmak anlatmak bir video yine youtube Ã¼zeri yayÄ±nlamak .
0,internet viral olmak tom cruise deepfake video ne Ã¼rkÃ¼tmek ?
0,internet Ã¶nermek her ÅŸey yapmak ama mide-bulanmak hala geÃ§memek
0,ironi tespit iÃ§in form doldurmak da ne bilmek ...
1,iskoÃ§ etek mi ? etek milliyet olmamak VIRGUL dÃ¼nya etek iÃ§in destek !
1,istanbul havalimanÄ± konum olmak zaten kendi yanlÄ±ÅŸ yer VIRGUL metro istasyon yanlÄ±ÅŸ olmak Ã§ok mi ?
0,istanbul saf alkol tÃ¼ketmek 20 kiÅŸi hayat kaybetmek .
1,istanbul taÅŸÄ±nmak her hafta bir yer gezmek VIRGUL ama Ã¶nce bir tunalÄ± hilmi cadde gÃ¶rmek iyi olmak . :)
0,istanbul ve izmir dahil bazÄ± kent su baskÄ±n risk artmak .
1,istanbul yaÄŸmur sonra orta Ã§Ä±kmak o harika beton koku hiÃ§bir ÅŸey deÄŸiÅŸmemek be arkadaÅŸ ... ohhh mis
0,istanbul Ã¶zel bir Ã¼niversite gÃ¼venlik personel olmak Ã§alÄ±ÅŸmak .
1,itfaiye merkez kÃ¶tÃ¼ bir yangÄ±n Ã§Ä±kmak .
1,iyi ki topkapÄ± saray gezmemek VIRGUL kaÅŸÄ±k elmas da istemek .
0,izlanda bÃ¼yÃ¼mek deÄŸil VIRGUL insan Ã¶ncelemek mutlu ekonomi geÃ§mek .
0,izlemek en iyi animasyon film .
0,izmir onur yÃ¼rÃ¼yÃ¼ÅŸ yine Ã§ok renkli ğŸ³ï¸â€ğŸŒˆ ğŸ³ï¸â€âš§
0,iÃ§ ankaralÄ± DOUBLE QUOTE bir susmak la DOUBLE QUOTE diye baÄŸÄ±rmak suret ile aspava hayal susturmak ...
0,iÅŸ gerek potansiyel 450 civar farklÄ± insan aynÄ± ortam bulunmak .
0,japonya kadÄ±n gazete tecavÃ¼z-etmek suÃ§lamak Ã¼nlÃ¼ isim karÅŸÄ± aÃ§mak dava kazanmak .
0,japonya nasÄ±l bu kadar temiz bir Ã¼lke olmak ?
1,kadir gece 800 Ã¼rÃ¼n ek gÃ¼mrÃ¼k-vergisi indirilmek gÃ¶k ...
1,kadÄ±n ÅŸiddet uygulamak bÃ¼tÃ¼n erkek yine bir kadÄ±n yetiÅŸtirmek olmak Ã§ok ironik .
0,kahve olmamak gÃ¼n baÅŸlamamak â˜•
0,kalp nakil ile hayat tutunmak Ã§ift VIRGUL evlenmek .
0,kanal istanbul proje Ã§evre korkunÃ§ zarar vermek dÃ¼ÅŸÃ¼nmek .
0,kanka VIRGUL kÄ±z inÅŸallah anne maÅŸallah ğŸ§¿ ğŸ§¿ ğŸ§¿
1,kantin Ã¶n boÅŸ tayfa azim hayran . vardiya Ã§alÄ±ÅŸmak VIRGUL gece boy batak / ÅŸarkÄ± - tÃ¼rkÃ¼ uyutmamak bilmek artÄ±k sabah ekip de gelmek sanmak .
0,kaplumbaÄŸa olmak bir gelmek ters Ã§evirmek .
0,kar yaÄŸmak da kartopu oynamak .
0,karaciÄŸer iÃ§in fayda besin hangi ?
0,karanlÄ±k enerji gizem Ã§Ã¶zmek iÃ§in 5 bin mini teleskop 35 milyon galaksi incelemek .
1,karantina 40 gÃ¼n hamur kulakmeme kÄ±vam gelmek ne demek olmak sonunda anlamak .
1,karantina 47 gÃ¼n hayat tercih sorgulamak okumak karar vermek 7 meslek vazgeÃ§mek
1,karbonhidrat kesmek kasÄ±t pizza dilimlemek olmak ummak .
0,kaygÄ± VIRGUL duygusal rezerv ziyan etmek .
1,kaynana ben bakmak da emekli maaÅŸ gÃ¶rÃ¼mce almak gibi bir gÃ¼n ...
0,kedi ve kÃ¶pek sevmek hayvanseverlik deÄŸil VIRGUL hayvanseÃ§erlik VIRGUL tÃ¼rcÃ¼lÃ¼k !
0,kendi kÃ¶ÅŸe sÄ±kÄ±ÅŸmak hissetmek
0,kenya atlet eliud kipchoge VIRGUL maraton 2 saat alt koÅŸmak ilk sporcu olmak tarih geÃ§mek .
0,kimse bir ÅŸey aÃ§Ä±klamak hal ve heves kalmamak VIRGUL aynen demek geÃ§mek .
0,kitapÃ§Ä± almak dergi okumak VIRGUL arÅŸiv kaldÄ±rmak .
1,kiÅŸisel mesafe korumamak iÃ§in gerÃ§ekten teÅŸekkÃ¼r etmek .
0,klavye gece Ã§ok ses Ã§Ä±karmak diye anne uyanmak .
1,kokoreÃ§ bile 16 tl olmak VIRGUL aÄŸÄ±z tat ile b*k bile yememek .
1,kolay ananas kesmek yol diye video eklemek . video 10 dakika .
1,kolonya kutu koronavirÃ¼s rastlanmak
0,komplo teori inanmak ile akÄ±l saÄŸlÄ±k ara bir baÄŸlantÄ± var mi ?
0,korkmak neden Ã§Ä±ÄŸlÄ±k atmak acaba ?
1,korona karÅŸÄ± el bÃ¼yÃ¼k bir koz var ama halk da yan aÃ§mak gerek
1,koronavirÃ¼s aÅŸÄ± ihale VIRGUL yÄ±llÄ±k 1 milyon hasta garanti ile kolin - limak - cengiz - kalyon konsorsiyum vermek ...
1,koronavirÃ¼s ile ilgili toplantÄ± koronavirÃ¼s endiÅŸe Ã¶tÃ¼rÃ¼ iptal etmek .
1,koronavirÃ¼s yÃ¼zÃ¼nden ece erken araba parÃ§alamak tam focus olmamak gibi hissetmek Ã¼zmek
0,kÃ¼tÃ¼phane bir yÃ¼zÃ¼k bulmak VIRGUL alyans benzemek bir denemek demek fakat ÅŸu an Ã§Ä±karmamak
1,kÃ¼Ã§Ã¼cÃ¼k ama kÃ¼Ã§Ã¼cÃ¼k bir hata sonuÃ§ Ã§alÄ±ÅŸan maaÅŸ muhasebe yerine tÃ¼m ÅŸirket gÃ¶ndermek . harika bir sabah ... ğŸ˜…
0,kÃ¼Ã§Ã¼k bir Ã§ocuk ben DOUBLE QUOTE allah galatasaraylÄ± DOUBLE QUOTE diye kandÄ±rmak VIRGUL Ã§ok Ã¼zÃ¼lmek ben de DOUBLE QUOTE olmak atatÃ¼rk fenerbahÃ§eli DOUBLE QUOTE demek :(
1,kÃ¼Ã§Ã¼k cik form doldurmak vakit nereden bulmak ben VIRGUL izlemek gerekmek dizi var demek .
0,kÃ¼Ã§Ã¼k Ã§ocuk var diye her ÅŸey Ã¶ncelik olmak dÃ¼ÅŸÃ¼nmek aile ben delirmek VIRGUL sÄ±ra beklemek engellemek ne VIRGUL Ã§ocuk gayet sakin durmak kim kandÄ±rmak ?
1,kÄ±na ve dÃ¼ÄŸÃ¼n 1346 fotoÄŸraf paylaÅŸmak ama gerdek gece fotoÄŸraf gÃ¶rmemek hiÃ§ ?
0,kÄ±rmÄ±zÄ± tuÄŸla cephe ve kule dÃ¶nem mimari hatÄ±rlatmak .
1,kÄ±sa kol gÃ¶mlek giymek gibi cep marlboro ve alt doblo belirmek VIRGUL giymemek .
0,lif gÄ±da tÃ¼ketmek abartmak bence VIRGUL hiÃ§ yarar gÃ¶rmemek .
1,lise en arka oturmak ekip 2 kiÅŸi okumak cambridge gitmek ben ise iÅŸsiz .
1,lise Ã§ikolata yemek sonra yeÅŸil Ã§ay ve soda iÃ§mek ki Ã§ikolata kilo yapmamak .
1,luppo olmamak asla !
1,lÃ¼tfen arka Ä±ÅŸÄ±k iÃ§ yatmak dememek VIRGUL ben uyumak televizyon Ä±ÅŸÄ±k bile rahatsÄ±z olmak .
0,macar insan doÄŸa beÅŸinci kuvvet bulmak Ã¶n sÃ¼rmek .
0,mahkeme filistin 2014 bu yan yapmak bazÄ± ÅŸikayet incelemek .
0,mahsur kalmak iran ÅŸofÃ¶r iÃ§in para toplanmak VIRGUL yeni tÄ±r almak .
0,makale yazmak VIRGUL aynÄ± zaman hazÄ±rlanmak gerek birkaÃ§ sÄ±nav var .
0,market gitmek aÅŸÄ±rÄ± Ã¼ÅŸenmek
1,matkap gÃ¼rÃ¼ltÃ¼ VIRGUL Ã§ekiÃ§ darbe ... ah ne kadar da huzur bir akÅŸam !
1,maÅŸallah bilgisayar da pek hÄ±zlÄ± tost makine yarÄ±ÅŸmak ...
0,meme kanser risk yÃ¼z 50 azaltmak ilaÃ§ olumlu etki yÄ±l sÃ¼rmek .
0,merkez banka faiz 200 baz puan daha dÃ¼ÅŸÃ¼rmek .
1,mesela eski bir olay olmak bu Ã¼lke komple temizlemek lazÄ±m demek VIRGUL ÅŸimdi Ã¼lke gerÃ§ekten komple temizlenmek .
0,mevsim geÃ§mek hasta olmak tamam da zatÃ¼rre olmak ne :QUOTE(
1,mezar taÅŸ online eÄŸitim Ã¶ldÃ¼rmek yazmak
0,michigan Ã¼niversite Ã§alÄ±ÅŸmak bir grup araÅŸtÄ±rmacÄ± uzuv kaybetmek insan ( ampute ) yapmak istemek hareket dÃ¼ÅŸÃ¼nmek kontrol etmek bir robot el geliÅŸtirmek .
0,microsoft yÃ¼z yÄ±l dayanmak veri depolamak teknoloji VIRGUL project silica VIRGUL tanÄ±mak .
0,migros Ã§alÄ±ÅŸmak maske ve eldiven kullanmak yasaklamak .
0,migros Ã§alÄ±ÅŸmak maske ve eldiven yasak gelmek .
0,mikrop kapmamak iÃ§in uÃ§ak nere oturmak ?
1,millet kazÄ±klanmak Ã§ok memnun tabii
1,milyar kÄ±yak ! devlet kasa Ã§Ä±kmak 250 milyon tl ile milyon vergi Ã¼zeri soÄŸuk su iÃ§mek .
0,modern insan ata botsvana yayÄ±lmak .
0,motorola VIRGUL katlanmak telefon razr yeni versiyon Ã§Ä±kartmak .
1,mozart beste tÃ¼m tuÅŸ basmak yapmak tahmin etmek .
1,mustafa kemal VIRGUL tÃ¼rk kadÄ±n bÃ¼tÃ¼n hak vermek ancak bu tÃ¼rk erkek sÃ¶ylemek unutmak .
0,myers-briggs tip gÃ¶sterge ( mbti ) entel ÅŸahÄ±s astroloji
1,mÃ¼dÃ¼r kovdurmak iÃ§in baÅŸvurmak birim karar mercii de mÃ¼dÃ¼r atamak iÃ§in VIRGUL kazanmak hiÃ§ ÅŸÃ¼phe yok !
1,mÃ¼ÅŸteri hizmet baÄŸlanmak Ã§alÄ±ÅŸmak VIRGUL Ã¶nce 20 dakika bekletmek dÃ¼ÅŸÃ¼rmek VIRGUL sonra da DOUBLE QUOTE hizmet puanlamak mi DOUBLE QUOTE diye anket yÃ¶nlendirmek . hangi hizmet ?
1,namaz kÄ±lmak gitmek VIRGUL allah bir ÅŸey istemek var mi ?
1,nasÄ±l da gÃ¼zel bir Ã§ocuk ! tam eldiven sevmek .
1,ne harika VIRGUL yaÄŸmurlu bir gÃ¼n daha !
1,ne kadar erken VIRGUL sadece 3 saat olmak beklemek .
1,ne kadar mÃ¼tevazÄ± olmak anlatmak anlatmak bitirmemek .
0,new-york bekaret test yasaklamak gÃ¼ndem almak .
1,new-york ofis 2 arka blok baÅŸlamak inÅŸaat 20. yaÅŸ kutlamak Ã¼zere :)))))
0,normal enerjik olmak insan biraz bile suskun gÃ¶rmek ne olmak diye darlamak bitmek artÄ±k ya
1,normal kÃ¼ltÃ¼rsÃ¼z Ã¶lmek ama bir an para bayÄ±lmak gitmek kabul etmek iki etkinlik bulmak iki kesin aynÄ± gÃ¼n gelmek
1,nuh gemi dinozor almamak iddia devlet ezberletmek resmi tarih baÅŸka kaynak bilmemek doÄŸru zannetmek uydurma VIRGUL aslÄ±nda dinozor kendi gelmek istememek .
1,nÃ¼fus artmak insan sayÄ± azalmak mi ?
1,o ani (!) evlilik gitmek iliÅŸki VIRGUL diÄŸer uzun iliÅŸki bitmek sonra baÅŸlamak mi zannetmek cidden ?
1,o harika ses lÃ¼tfen bir daha ÅŸarkÄ± sÃ¶ylememek !
1,o kadar aÃ§ ki mide gelmek guruldama gÃ¼rÃ¼ltÃ¼ uyanmak ğŸ½ï¸
1,o kadar gÃ¼zel bir film ki VIRGUL 10 dakika bile izlemek dayanmamak .
1,o kadar hÄ±zlÄ± sÃ¼rmek ki bir an durmak diye Ã§ok korkmak !
0,oda 20 derece de olmak VIRGUL 5 derece de olmak bu oda sÄ±caklÄ±k ...
1,oda boyamak ev temizlemek gÃ¶re artÄ±k ders Ã§alÄ±ÅŸmak baÅŸlamak ...
0,oda gelmek dolap iÃ§ bÃ¼tÃ¼n bir kangal sucuk ( Ã§ ) almak hoca VIRGUL belki karÄ±n aÃ§ ama haber etmek zaten paylaÅŸmak yemek VIRGUL bÃ¶yle tatsÄ±z olmamak mi sen de ?
0,odtÃ¼ akademik arÅŸiv eriÅŸim aÃ§Ä±lmak .
1,odtÃ¼ bozkÄ±r gÃ¶zyaÅŸÄ± yeÅŸertmek kesin bilgi
1,ofis Ã¶n kocaman bir foseptik Ã§ukur aÃ§Ä±lmak . her yer mis gibi kokmak ! ğŸ’©
1,okul gerÃ§ekten aÅŸÄ±rÄ± iyi bir online eÄŸitim sunmak !
1,okul kimliksiz 10 kiÅŸi girmek Ã§alÄ±ÅŸmak gÃ¼venlik durdurmamak VIRGUL bu sonra arkadaÅŸ okul sokmak istemek 9 kiÅŸi daha bulmak .
0,orta okul defter bulmak VIRGUL yazÄ± bakmak mide-bulanmak VIRGUL ne Ã§irkin yazmak !
0,pakistan hiv virÃ¼s Ã§ocuk ara ne yayÄ±lmak ?
0,para yok Ã§ok sinirlenmek
0,pardon VIRGUL gÃ¼naydÄ±nlaÅŸmak mi ?
0,parmak yÃ¼zÃ¼k sÄ±kÄ±ÅŸmak hastane deÄŸil VIRGUL itfaiye gitmek .
1,patavatsÄ±z soru sormak akraba pek sevmek .
1,patron ben emanet etmek sÄ±r sadece 7 kiÅŸi anlatmak hepsi bu ğŸ¤ ğŸ¤
0,peluÅŸ oyuncak bayÄ±lmak VIRGUL ben daha Ã§ok huzur vermek bir ÅŸey gÃ¶rmemek .
0,pentagon 10 milyar dolar ihale microsoft kazanmak VIRGUL rakip amazon DOUBLE QUOTE teklif ayrÄ±ntÄ± incelemek fark sonuÃ§ Ã§Ä±kmak DOUBLE QUOTE demek .
0,peru iki mcdonalds Ã§alÄ±ÅŸmak elektrik Ã§arpmak sonuÃ§ Ã¶lmek VIRGUL tÃ¼m ÅŸube yas-tutmak iÃ§in 2 gÃ¼n kapatÄ±lmak .
0,petrol fiyat dÃ¼ÅŸmek paralel olmak tÃ¼rkiye akaryakÄ±t indirim devam etmek .
0,pizza devir geÃ§mek sanmak VIRGUL aÅŸaÄŸÄ± yukarÄ± hepsi iÃ§ boÅŸ ve kÃ¼Ã§Ã¼k boy pizza boyut ama Ã§ok pahalÄ± VIRGUL Ã¼zÃ¼lmek .
0,plastik kirlilik yarÄ±m milyon keÅŸiÅŸ yengeÃ§ Ã¶ldÃ¼rmek .
1,polen hedef ÅŸaÅŸÄ±rmak gÃ¶z Ã¼remek Ã§alÄ±ÅŸmak can sÄ±kmak .
1,polis memur alkol araba kullanmak ehliyet kaptÄ±rmak .
1,popÃ¼ler katkÄ± bulunmamak iÃ§in sosyal medya kullanmak mesaj gÃ¶ndermek .
1,problem Ã§ok cebir VIRGUL hesaplama ya-da ÅŸiddet ile Ã§Ã¶zÃ¼lmek .
1,profil fotoÄŸraf deÄŸiÅŸtirmek VIRGUL ben nefret etmek eski sevgili ve kÃ¼smek eski en iyi arkadaÅŸ ebeveyn beÄŸenmek hemen ...
1,pÃ¼skevit dik duruÅŸ Ã§ay batÄ±rmak kadar .
1,rabb biz de nasip et artÄ±k sÄ±la hasret VIRGUL ben amerika aÄŸlamak DOUBLE QUOTE greek yoghurt DOUBLE QUOTE yemek istemek ...
1,rabb sadece banko kupon istemek
0,rabia naz Ã¶lÃ¼m araÅŸtÄ±rmak tbmm araÅŸtÄ±rma komisyon sayesinde dosya gizlilik karar kalkmak
0,rafael nadal VIRGUL abd aÃ§Ä±k tenis turnuva rakip medvedev yenmek ÅŸampiyon olmak .
0,rakip okul kendi okul polar giymek girmek ben ÅŸans dilemek
0,rapor VIRGUL bu sistem en bÃ¼yÃ¼k artmak orantÄ± olmak gÃ¼venlik VIRGUL ulusal gÃ¼venlik ve akÄ±llÄ± tabela uygulamak gÃ¶stermek Ã¶ngÃ¶rmek .
1,realist olmak sÃ¶ylemek genÃ§ VIRGUL kÃ¶tÃ¼ haber duymamak iÃ§in gazete okumamak sÃ¶ylemek .
0,rusya tÃ¼m bÃ¼yÃ¼k spor etkin men edilmek risk karÅŸÄ± karÅŸÄ± .
0,rusya ve Ã§in VIRGUL suriye sÄ±nÄ±r Ã¶te yardÄ±m veto etmek .
0,rÃ¼ya 3 - 4 kedi sahiplenmek VIRGUL sabah uyanmak kedi rÃ¼ya tabir bakmak kadar keyif yer .
0,sabah kardeÅŸ ben diÅŸ-fÄ±rÃ§a kullanmak yakalamak VIRGUL kendi sanmak ... ğŸ˜– ğŸ¤¢
0,sabah kÃ¶r ayak uyumak yapmak sunum doÄŸal olmak hoca soru cevap vermemek :(
1,sabah kÃ¶r kalkmak iÃ§in iÅŸ girmek de Ã§Ä±kmak de hava karanlÄ±k olmak VIRGUL yaÅŸasÄ±n Ã§alÄ±ÅŸma hayat -VIRGUL-
1,sabah sabah felaket baÅŸ aÄŸrÄ±mak ummak hafÄ±za silinmek
1,sabÄ±r olmak istemek VIRGUL hem de hemen !
0,sahne hidrojen-peroksit ayrÄ±ÅŸmak deney yapmak biyokimyager abd gÃ¼zel seÃ§ilmek .
0,sakÄ±z diÅŸ iz VIRGUL 5 bin 700 yÄ±l Ã¶n yaÅŸamak olmak kadÄ±n genetik ÅŸifre Ã§Ã¶zÃ¼lmek .
0,salgÄ±n en bÃ¼yÃ¼k artÄ± herkes sapÄ±k gibi uzun uzun el yÄ±kamak baÅŸlamak olmak sanmak VIRGUL gÃ¶rmek mutlu olmak .
0,samsung yÃ¶netim kurul baÅŸkan sendika faaliyet engellemek sebep 1VIRGUL5 yÄ±l hapis ceza verilmek .
1,sanki kapÄ± Ã§ekmek an anahtar iÃ§eri unutmak fark etmek gibi gÃ¼zel bir gÃ¼n .
0,saÄŸlÄ±k bakan DOUBLE QUOTE Ä±spanak deÄŸil yabani ot kaynaklanmak DOUBLE QUOTE demek besin zehirlemek ile ilgi ne bilmek ?
0,saÄŸlÄ±klÄ± bir yaÅŸam yol iyi uyku geÃ§mek sÃ¶ylenmek .
1,sen hiÃ§ uÄŸraÅŸmamak VIRGUL ben tÃ¼m Ã¶dev yapmak .
0,sendika asgari Ã¼cret talep belli olmak .
1,sevgili arkadaÅŸ VIRGUL Ã¼lke olarak birlik ve beraberlik en az ihtiyaÃ§ duymak dÃ¶nem ...
1,sigara bÄ±rakmak kolay olmamak nasÄ±l 14 kere bÄ±rakmak canÄ±m ?
0,sineklik kedi asla dayanmamak .
1,siyasi parti intihar eleÅŸtirmek kendi iÅŸ de bitirmek fark deÄŸil .
1,siz VIRGUL baba erkek kardeÅŸ bikini giymek onlar laf atmak hoÅŸ gitmek mi ?
1,siz bu yapay zeka demek ama baya yapay aptal bu !
1,siz de bu donmak gÃ¼n duyarlÄ± olmak ve Ã§eÅŸitli tekstil mahsÃ¼l ve teknolojik alet kalorifer dip bank bÄ±rakmak orta kaybolmak .
1,son 75 yÄ±l en sÄ±cak mayÄ±s ay VIRGUL bÃ¶yle gÃ¼zel bir yÄ±l yakÄ±ÅŸmak mi hiÃ§ ?
1,son ay okumak en acÄ±klÄ± metin olmak eylÃ¼l ay kredi-kartÄ± ekstre VIRGUL iyi bir edebi eser beklemek her ÅŸey vermek ÅŸÃ¼kÃ¼r .
0,sonunda kanalizasyon tamir etmek artÄ±k sabah b*k koku uyanmak gerekmemek ğŸ’©
0,sonunda pilav yapmak Ã¶ÄŸrenmek .
1,soru Ã§Ã¶zmek iÃ§in o kadar uÄŸraÅŸmak sonuÃ§ 0 Ã§Ä±kmak ... bu senaryo ben bir yer tanÄ±dÄ±k gelmek demek sonra Ã§Ã¶zmek VIRGUL hayat .
0,sorumluluk yer getirmek iÃ§in zorunluluk olmak beklemek .
0,sosyal-medya ben hiÃ§ yaramamak .
0,soyut dÃ¼ÅŸÃ¼nmek yazÄ± ile birlikte insan hayat girmek bir durum .
0,spacex VIRGUL uluslararasÄ± uzay istasyon astronot gÃ¶ndermek ilk Ã¶zel ÅŸirket olmak .
0,sporcu performans kÃ¶tÃ¼ etkilemek yemek uzak durmak .
1,susmamak VIRGUL haykÄ±rmak VIRGUL Ã§amaÅŸÄ±r var !
0,sÄ±kÄ±lmak VIRGUL daralmak VIRGUL bunalmak ...
1,sÄ±nav geÃ§ kalmak VIRGUL aferin ben !
0,sÄ±nav hemen Ã¶nce bÃ¶lÃ¼m tÃ¼m tuvalet sÄ±ra olmak hÃ¼zÃ¼n :(
1,sÄ±ÄŸÄ±r olmak ama Ã¶kÃ¼z asla ! ! !
0,tabii genÃ§ bilmemek VIRGUL biz saat biplemek sms gelmek zannetmek .
1,tabii ki bu saÃ§ma sapan dÃ¼ÅŸÃ¼nce katÄ±lmak VIRGUL akÄ±lsÄ±z ya ben
1,tabii ki tÃ¼rkiye demokrasi harika iÅŸlemek .
1,tabii o da haklÄ± ben alÄ±n enayi yazmak aksi dÃ¼ÅŸÃ¼nmemek .
1,tam anlamak bir gÃ¼lmek gelmek .
1,tam hayat DOUBLE QUOTE neyse ÅŸu bir geÃ§mek de DOUBLE QUOTE diye yaÅŸamak olmak dertlenmek demek ki neyse ÅŸu bir geÃ§mek de ...
1,tanrÄ± ÅŸÃ¼kÃ¼r olmak ki ateist !
0,tek marka giymek hak var ise bu marka seÃ§mek sanmak
0,televizyon Ã¶rÃ¼mcek adam izlemek VIRGUL baba DOUBLE QUOTE memur mi bu ? DOUBLE QUOTE demek ...
1,tereyaÄŸÄ± bir mermer kadar yumuÅŸak !
1,ters mÃ¼hendislik mi ? ben daha dÃ¼z zor yapmak
1,terÃ¶r Ã¶rgÃ¼t desteklemek biri asker yapmak ne kadar ironik .
1,teyze gÃ¼n dÃ¶nmek belli ben 9 saat ayakta Ã§alÄ±ÅŸmak sadece ne yorulmak sen oturmak kÄ±sÄ±r aÄŸÄ±rlÄ±k yapmak .
1,trt haber bu hareket ile sanmak cumhuriyet bayram artÄ±k 19 mayÄ±s kutlanmak duyurmak istemek
0,trump bir an Ã¶n senato yargÄ± istemek .
0,twitter VIRGUL gelmek tepki Ã¼zeri aktif olmak hesap silmek ÅŸimdi vazgeÃ§mek .
0,twitter siyaset iliÅŸki reklam yasaklamak .
1,tÃ¼m soru iÃ§in mesaj atmak VIRGUL ama lÃ¼tfen mesaj atmamak .
0,tÃ¼m verimlilik hile denemek ama asla oturmak verimli Ã§alÄ±ÅŸmamak VIRGUL yardÄ±m lÃ¼tfen ! ğŸ˜­
0,tÃ¼rk dizi kadÄ±n ÅŸiddet iÃ§ermek iÃ§in eleÅŸtirmek .
0,tÃ¼rkiye evlat kendi baÅŸka bir ÅŸey meÅŸgul olmak imkan vermemek . - ahmet hamdi tanpÄ±nar
0,tÃ¼rkiye organik Ã§ay Ã¼retim tavan yapmak .
0,tÃ¼rkiye plastik poÅŸet kullanÄ±m yÃ¼z 77VIRGUL27 dÃ¼ÅŸmek .
1,tÃ¼rkiye turizm gelmek nokta bakmak VIRGUL virÃ¼s bile getirmemek .
0,tÃ¼tÃ¼n mamul tek tip paket geÃ§ilmek VIRGUL uygulamak etki tartÄ±ÅŸmak .
1,ulan kaÃ§ sene sokak gezmek gelmek bÄ±rakmak kuÅŸ getirmek ufak bÃ¶cek bile getirmemek . hep biz vermek .
1,ulan kÄ±ÅŸ gelmek hala ev sinek var . inat etmek mont uÃ§mak .
1,ulaÅŸÄ±m sorun biz Ã§Ã¶zmek demek ulaÅŸtÄ±rma bakan trafik neden ile program geÃ§ kalmak .
0,uluslararasÄ± ceza mahkeme VIRGUL batÄ± ÅŸeria ve gazze yaÅŸamak neden savaÅŸ suÃ§ soruÅŸturmak aÃ§mak istemek .
1,umre dÃ¶nmek tebrik etmek lazÄ±m VIRGUL islamiyet bu kadar hÄ±zlÄ± yaymamak .
0,utangaÃ§ ne kaynaklanmak VIRGUL gidermek mi ?
1,uyku almak sanmak gÃ¶z haber yok .
1,uyku apne ilaÃ§ almak iÃ§in doktor gitmek 25 dakika bekletilmek ve uyumak .
1,uyku tutmamak VIRGUL uyumamak iÃ§in stres olmak daha da fazla uyumamak .
0,uzay inek hÃ¼cre 3 boyut yazÄ± biftek Ã¼retmek .
0,uzun yol aÄŸlamak Ã§ocuk ben delirmek VIRGUL tamam Ã§ocuk suÃ§ yok ama yine de katlanmamak .
0,uÃ§ak biniÅŸ-kartÄ± yolcu geri vermek taraf biriktirmek Ã§ok sevmek ğŸŸï¸ âœˆï¸
1,uÃ§uÅŸ boyunca n95 ve eldiven takmak amca az Ã¶nce kek yemek iÃ§in maske Ã§Ä±karmak ve eldiven ile kek yemek . sÃ¶ylemek bu kadar .
0,var olmak baÅŸ gelmek deÄŸil o vermek tepki ÅŸekillenmek .
1,vegan bir arkadaÅŸ sÃ¼rekli deri ceket giymek .
0,veganlÄ±k bir akÄ±m mi yoksa iÃ§ gelmek bir ses kulak vermek mi ?
0,veganlÄ±k karÅŸÄ± ama Ã¶zellikle geliÅŸmiÅŸ Ã¼lke gerek Ã§ok fazla et tÃ¼ketmek bir gerÃ§ek .
0,venedik su baskÄ±n sonra yÄ±lbaÅŸÄ± iÃ§in otel rezervasyon yarÄ± iptal edilmek ğŸ˜­
1,vergi borÃ§ var diye linÃ§ edilmek Ã§alÄ±ÅŸmak kiÅŸi vergi rekortmen olmak .
1,verilik kapÄ± aramak VIRGUL el olmak var mi ? boyut ve mekan deÄŸiÅŸtirmek olur daha mutlu olur .
0,virÃ¼s karÅŸÄ± tedbir kapsam kapanmak duymak baÅŸlamak ... ileri gÃ¼n bu durum toplu iÅŸsiz dÃ¶nmek .
0,viyana ... hayal ÅŸehir keÅŸke sen ile olmak :(
0,vladimir putin hala windows xp iÅŸletim-sistem sahip bir bilgisayar kullanmak Ã¶ÄŸrenmek .
1,ya erkek Ã¼st Ã§ok gitmek cidden lÃ¼tfen artÄ±k hiÃ§bir kadÄ±n taciz uÄŸramak dil getirmemek ya da Ã¶nlemek / ÅŸikayet etmek iÃ§in bir adÄ±m atmamak VIRGUL yazÄ±k Ã§Ã¼nkÃ¼ kÄ±ymamak .
1,yakÄ±n tarih en-kÃ¶tÃ¼ terÃ¶r Ã¶rgÃ¼t 49 vatandaÅŸ kaptÄ±rmak kiÅŸi VIRGUL dÃ¼nya mazlum umut olmak bahsetmek .
1,yapmak gerekmek iÅŸ bir liste yapmak gÃ¶re bugÃ¼n iÅŸ bitmek .
0,yapmamak hocam etmemek hocam bÄ±rakmak 1 sene daha uzatmak zorunda hocam gÃ¶zÃ¼nÃ¼n-yaÄŸÄ±nÄ±-yemek hocam ...
0,yapÄ±ÅŸkan-kaÄŸÄ±t baÄŸÄ±mlÄ±lÄ±k yapmak sanmak VIRGUL 24 Ã§eÅŸit yapÄ±ÅŸkan-kaÄŸÄ±t almak ve kullanmak kÄ±ymamak asla !
0,yarÄ±n daha erken gelmek .
0,yastÄ±k sarÄ±lmak aÄŸlamak saat gelmek .
1,yaz manita ayarlamak bayram kiralÄ±k araba bulmak daha zor VIRGUL Ã§evre bakmak tÃ¼m kontenjan dolu .
0,yazÄ± yayÄ±n koordinatÃ¶r gÃ¶stermek VIRGUL ofis Ã§ok etkilenmek yarÄ±n gazete yazÄ± yer vermek istemek VIRGUL gÃ¶rsel ile birlikte .
1,yaÄŸmur hava su birikinti hÄ±zlÄ± geÃ§mek devam etmek lÃ¼tfen VIRGUL Ä±slanmak bayÄ±lmak
0,yaÄŸmurlu hava yÄ±l her zaman tercih VIRGUL zaten kÃ¼resel iklim Ã¶lmek bitmek bari sÄ±cak erimemek VIRGUL 30 yÄ±l soy tÃ¼ketmek .
0,yaÅŸlÄ± yan hÄ±zlÄ± hÄ±zlÄ± yÃ¼rÃ¼mek geÃ§mek yaÅŸlanmak fark etmek Ã¼zÃ¼lmek mi acaba ?
0,yemek mi yemek VIRGUL dizi mi izlemek yoksa uyumak mi ... gece-yarÄ±sÄ± sonra hepsi Ã§ok Ã§ekici gelmek .
1,yemekhane makarna mi ? en sevmek .
0,yeni bir hobi edinmek VIRGUL artÄ±k sukulent yetiÅŸtirmek .
1,yeni bir hobi edinmek VIRGUL merak etmek iÃ§in yeni hobi VIRGUL yeni bir hobi aramak
0,yeni bir sabah VIRGUL yeni bir ruhsal-Ã§Ã¶kÃ¼ntÃ¼ .
0,yeni bir tarz konu tavsiye ihtiyaÃ§ var !
0,yeni delhi DOUBLE QUOTE dev bir gaz oda DOUBLE QUOTE dÃ¶nÃ¼ÅŸmek . okul tatil edilmek VIRGUL milyon gaz maske daÄŸÄ±tmak .
0,yeni favori saÃ§ bakÄ±m Ã¼rÃ¼n yoÄŸurt ve yumurta karÄ±ÅŸÄ±m VIRGUL hep Ã¶nermek  ğŸ’†â€â™€ï¸ ğŸ™†â€â™€ï¸
1,yeni gelmek arkadaÅŸ istek 14 gÃ¼n karantina bekletmek .
0,yeni havaalanÄ± iyi hoÅŸ gÃ¼zel de bizde para yok ki uÃ§ak bilet almak
0,yeni yapay nÃ¶ron alzheimer tedavi kullanmak .
1,yeni Ã§alÄ±ÅŸmak baÅŸlamak ofis dedikodu yapmak Ã§alÄ±ÅŸan patron azarlamak VIRGUL halbuki Ã§ok iyi insan :(((
1,yeÄŸen kedi kÃ¶pek gibi iyi anlaÅŸmak .
1,yok kesin zeki ama Ã§alÄ±ÅŸmamak
1,yoksul sÄ±nÄ±r 4995 tl aÃ§Ä±klamak . en az 2 Ã§ocuk dilenmek VIRGUL milli sermaye suriye gitmemek iÃ§erde kalmak .
1,yol ters taraf Ã¼zeri sÃ¼rmek araba sanmak kendi kÄ±brÄ±s sanmak .
1,yÃ¶netici VIRGUL mesai geÃ§ kalmak Ã§alÄ±ÅŸan : DOUBLE QUOTE bravo VIRGUL her zaman gibi iÅŸ vakit Ã¶nce gelmek . DOUBLE QUOTE
0,yÄ±llÄ±k kiÅŸilik test tekrar vakit gelmek VIRGUL bakmak bu yÄ±l yine baÅŸka bir kiÅŸilik bÃ¼rÃ¼nmek mi ?
0,zalim VIRGUL oyunbozan VIRGUL sen de bu bÃ¼yÃ¼ de yalan ...
1,zaman 0.59 tl Ã¶demek Ã¶mÃ¼r-boyu premium satÄ±n-almak uygulama ÅŸu an yÄ±llÄ±k premium Ã¼cret 80 tl olmak aÅŸÄ±rÄ± mutlu etmek .
0,zaman geÃ§iÅŸ umursamamak bilgisayar oyun gÃ¶mÃ¼lmek istemek .
0,zaman ileri sarmak aktivite 1 numara : minecraft oynamak
0,Ã§alÄ±ÅŸmak iÅŸ yer uyku izin vermek mi ?
0,Ã§alÄ±ÅŸmak nefret etmek .
1,Ã§evre duymak gÃ¶re VIRGUL hiÃ§bir Ã¼n yok .
0,Ã§in mobil internet kullanmak yÃ¼zmek tarama zorunlu getirmek .
0,Ã§in Ã¶ÄŸrenci beyin dalga Ã¶lÃ§mek cihaz takmak ilkokul VIRGUL aile ÅŸikayet uygulamak son vermek .
0,Ã§izim paylaÅŸmak bir instagram aÃ§mak VIRGUL fotoÄŸraf atmak siz de Ã§izmek ğŸ–ï¸ ğŸ–Œï¸ ğŸ–Šï¸
1,Ã§ocuk uyutmak Ã§alÄ±ÅŸmak uyumak kalmak baba VIRGUL bebek saat 04:00 hala uyanÄ±k gÃ¶rmek Ã§are eÅŸ aramak ...
0,Ã§ok kinci bir insan .
1,Ã§ok komik VIRGUL o kadar komik ki sen dinlemek uyumak .
1,Ã§ok pahalÄ± mont ve altÄ±n kap telefon ucuz yemek sÄ±ra beklemek !
1,Ã§ok ÅŸaÅŸÄ±rtÄ±cÄ± (!) bir durum VIRGUL toplumsal olay duyarlÄ±lÄ±k VIRGUL halk bilinÃ§lendirmek yÃ¶n program ile bilmek biri oysa .
1,Ã¶fke kontrol sahip demek siz ne anlamamak ! ! !
1,Ã¶yle bir Ã¼niversite ki selam vermek burslu Ã§Ä±kmak .
1,Ã¶yle dememek avcÄ± alÄ±nmak VIRGUL spor demek !
1,Ã¶yle Ã¶lmemek yalnÄ±z VIRGUL fÃ¼ze fÄ±rlamak
1,Ã¶zgÃ¼rlÃ¼k anÄ±t ayak yer sabit olmak nasÄ±l bir tezat !
1,Ã¶zgÃ¼rlÃ¼k ÅŸarkÄ± sÃ¶ylemek hÃ¼manist sanatÃ§Ä± VIRGUL hapis ceza almak istemek .
1,Ã¶ÄŸrenci savaÅŸ karÅŸÄ± Ã§Ä±kmak VIRGUL yoksa tarih kitap kalÄ±nlaÅŸmak ...
1,Ã¼lke olmak et bayram bayram yemek VIRGUL diÄŸer Ã¼lke farklÄ± protein yapÄ± olmak VIRGUL virÃ¼s tutunmak protein bulmamak .
0,Ã¼lke yarÄ± anadil dÃ¼z konuÅŸmamak VIRGUL sokak rÃ¶portaj izlemek dehÅŸet dÃ¼ÅŸmek .
0,ÅŸarap saat olmamak ğŸ· ğŸ· ğŸ·
1,ÅŸaÅŸÄ±rtÄ±cÄ± ! 2 yÄ±l ses soluk Ã§Ä±kmamak komÅŸu VIRGUL parti gÃ¼rÃ¼ltÃ¼ gelmek . baÄŸÄ±rmak baÄŸÄ±rmak DOUBLE QUOTE sessiz olmak DOUBLE QUOTE ÅŸarkÄ± sÃ¶ylemek .
0,ÅŸehir hastane bugÃ¼n kadar ne kadar harcamak yapÄ±lmak VIRGUL saÄŸlÄ±k hizmet etki ne olmak ?
1,ÅŸiÅŸe o mesafe dÃ¼ÅŸÃ¼nce gÃ¼Ã§ de patlatmak ama o iÃ§in dÃ¼ÅŸÃ¼nce lazÄ±m tabii .
1,ÅŸu taraf duymamak VIRGUL biraz daha baÄŸÄ±rmak .
0,ğŸ ğŸ yeÅŸil-elma VIRGUL kÄ±rmÄ±zÄ±-elma gÃ¶re daha Ã§ok ÅŸeker iÃ§ermek aÃ§Ä±klamak . ğŸ ğŸ
0,ğŸ† ğŸ† juventus devirmek lazio VIRGUL sÃ¼per kupa sahip olmak . ğŸ† ğŸ†